song_id,title,artist,mood,rating,youtube_id,mood_source
bw_0001,Tere Bina,A.R. Rahman,Happy,4.5,9JDSGhhiOwI,acoustic
bw_0002,Where's The Party Tonight,Shaan,Happy,4.33,ifT-NS_E7EY,keyword
bw_0003,Tere Mast Mast Do Nain (Duet),Rahat Fateh Ali Khan,Happy,4.33,oyLVu753XJw,keyword
bw_0004,Khushi Ke Bahaane Aaye,Sonu Nigam,Happy,4.33,42ds8qeuoMQ,keyword
bw_0005,Mast Magan,Arijit Singh,Happy,4.2,xitd9mEZIHk,keyword
bw_0006,Saali Khushi,Amit Trivedi,Happy,4.0,MlLBmn4mdZM,keyword
bw_0007,Tere Mast Mast Do Nain (Male),Rahat Fateh Ali Khan,Happy,4.0,QWaXpiQwtpI,keyword
bw_0008,Tak Dhoom,Kailash Kher,Happy,4.0,XMqAYe5i82U,keyword
bw_0009,Laayegi Tu Khushi Yeh Kaha Tha Ab Nibha Le Zindagi Tera Vaada,Sonu Nigam,Happy,4.0,N0ChCckkReA,keyword
bw_0010,Laayegi Tu Khushi Yeh Kaha Tha Ab Nibha Le Zindagi Tera Vaada (Unplugged),Rekha Bhardwaj,Happy,4.0,sCklpAeQk74,keyword
bw_0011,Kya Karoon,Clinton Cerejo,Happy,5.0,nHCwoQk8ToA,fallback
bw_0012,Chhodunga Naa Tujhko Kabhi,Arijit Singh,Happy,5.0,gh9FoxuYx8k,fallback
bw_0013,Manjha,Amit Trivedi,Happy,4.88,YKcmMmJlKNk,fallback
bw_0014,Jugni,Amit Trivedi,Happy,4.83,GxWWAFcLJpQ,fallback
bw_0015,Piyu Bole,Shreya Ghoshal,Happy,4.75,ZAkr0KFFLLs,fallback
bw_0016,Taare Zamin Par,Shankar Mahadevan,Happy,4.75,DSWMEuI-kLc,fallback
bw_0017,Aabaad Barbaad (Ya To Barbaad Kar Do),Arijit Singh,Happy,4.75,jh66Pjtqr4k,fallback
bw_0018,Shikayatein Mitaane Lagi Subah Bedagh Hai,K. Mohan,Happy,4.71,p5BNyEfMDwU,fallback
bw_0019,Kaisi Paheli Zindagani,Sunidhi Chauhan,Happy,4.67,-6Y8hMyEoV8,fallback
bw_0020,Ae Hairat-E-Aashiqi,Hariharan,Happy,4.67,038jmlSH3iM,fallback
bw_0021,Tu Muskura,Alka Yagnik,Happy,4.67,U0nfYIIT4cU,fallback
bw_0022,Tore Bina,Sukhwinder Singh,Happy,4.67,qitrcE_c7PI,fallback
bw_0023,Apna Time Aayega,Ranveer Singh,Happy,4.67,jFGKJBPFdUA,fallback
bw_0024,Tum Ko Pa Hi Liya Maine Yun,Kavita Subramaniam,Happy,4.6,VqFn3FvVjk4,fallback
bw_0025,Tu Bin Bataye,Madhushree,Happy,4.57,UqblLzBwlns,fallback
bw_0026,Dheere Jalna,Sonu Nigam,Happy,4.5,LqMhqSwi7Fw,fallback
bw_0027,Lukka Chhuppi,Lata Mangeshkar,Happy,4.5,FFpgYjL2aJo,fallback
bw_0028,Jaage Hain Der Tak,K.S. Chitra,Happy,4.5,r8vZ3I4b9XU,fallback
bw_0029,Nazrein Milaana Nazrein Churaana,Benny Dayal,Happy,4.5,PFVwNbhVqkw,fallback
bw_0030,Behti Hawa Sa Tha Woh,Shaan,Happy,4.5,ewvddSUEONQ,fallback
bw_0031,Suno Aisha,Amit Trivedi,Happy,4.5,fAzO3s7Dgnw,fallback
bw_0032,Sajdaa,Rahat Fateh Ali Khan,Happy,4.5,3rPEWcY6Oww,fallback
bw_0033,Isi Baat Pe (Agar Zindagi),KK,Happy,4.5,1xdcRsQ8DrY,fallback
bw_0034,Jee Le Zara,Vishal Dadlani,Happy,4.5,UT3NjMzSzO4,fallback
bw_0035,Jaagi Jaagi Raina,Vasuda Sharma,Happy,4.5,HqPvI_CwTe8,fallback
bw_0036,Ab Ki Ye Subah,Khalid Ahamed,Happy,4.5,_7Cn3HNciBI,fallback
bw_0037,Mawali Qawwali,Raghav Mathur,Happy,4.5,1wlYmRbY2L0,fallback
bw_0038,Dhadkanen Goonjti Dhadaam Dhadaam,Neeti Mohan,Happy,4.5,eV4ItiYXGKM,fallback
bw_0039,Pashmina Dhaagon Ke Sang,Amit Trivedi,Happy,4.5,uxTXp0-iZrY,fallback
bw_0040,O Zaalima,Arijit Singh,Happy,4.5,qiglT5BZx58,fallback
bw_0041,O Rajaji Naina Chugalkhor Rajaji,Pratibha Singh Baghel,Happy,4.5,5w5WP3FJb6g,fallback
bw_0042,Tum To Rahogi Meri,Arijit Singh,Happy,4.5,tGs7iLem1cE,fallback
bw_0043,Tunak Tunak Tun,Daler Mehndi,Happy,4.5,IFP3Jc5ztgg,acoustic
bw_0044,Mehndi Laga Ke Rakhna,Lata Mangeshkar,Happy,4.0,-bNwqXvMuB8,acoustic
bw_0045,Ooh La La,Andrew Playfoot,Happy,4.0,cO-spKSbKk0,acoustic
bw_0046,Thandi Hawa Kaali Ghata Aa Hi Gayi Jhoom Ke,Geeta Dutt,Happy,5.0,z91UKyXA9Mc,keyword
bw_0047,Dekhi Zamane Ki Yaari Bichhde Sabhi Baari Baari,Mohammed Rafi,Happy,5.0,MijXDNR9YmA,keyword
bw_0048,In Aankhon Ki Masti Ke Mastane Hazaron Hain,Asha Bhosle,Happy,5.0,cXdJJvpgTvw,keyword
bw_0049,Tumhen Ho Na Ho (Mujhe Pyar Tumse Nahin Hai) - Happy,Runa Laila,Happy,4.8,AZXSBVWQ8wo,keyword
bw_0050,Ab To Hai Tum Se Har Khushi Apni,Lata Mangeshkar,Happy,4.67,emKJ5_cMEHk,keyword
bw_0051,Masti Bhara Hai Sama,Lata Mangeshkar,Happy,4.6,StB3f4u2yEI,keyword
bw_0052,Rangeela Re,Asha Bhosle,Happy,4.6,QSpQkE5D_WI,keyword
bw_0053,Ae Dil-E-Beqaraar Jhoom,K.L. Saigal,Happy,4.5,jEMR9V-QH1U,keyword
bw_0054,Aaj Gaawat Man Mero Jhoom Ke (Tumre Gun Gaoon Re),D.V. Paluskar,Happy,4.5,X76um2OQjjc,keyword
bw_0055,Jawaniyan Yeh Mast Mast Bin Piye,Mohammed Rafi,Happy,4.5,eWvUeEfSDd0,keyword
bw_0056,Rangeela Re Tere Rang Mein Yun Ranga Hai Mera Mann,Lata Mangeshkar,Happy,4.5,GzJCS7IiyJc,keyword
bw_0057,Jaisa Mera Roop Rangeela Waisa Mile Jawaan,Lata Mangeshkar,Happy,4.5,9G57EYAsNuk,keyword
bw_0058,Yeh Dosti Hum Nahin Todenge (Happy),Kishore Kumar,Happy,4.5,Bx5sqAE86e0,keyword
bw_0059,Aaya Mausam Dosti Ka,Lata Mangeshkar,Happy,4.5,oJb_hqWWuWg,keyword
bw_0060,Chaahe Koi Khush Ho Chaahe Gaaliyaan Hazaar De,Kishore Kumar,Happy,4.33,OrajwCIXhkM,keyword
bw_0061,Mainu Vida Karo,Arijit Singh,Sad,5.0,lZZmQNi0jHg,keyword
bw_0062,Re Kabira Maan Ja (Encore),Arijit Singh,Sad,4.75,MuCfsZk9lbU,keyword
bw_0063,Channa Mereya,Arijit Singh,Sad,4.75,284Ov7ysmfA,keyword
bw_0064,Kabhi Alvida Naa Kehna,Sonu Nigam,Sad,4.6,O8fIwHfZz2E,keyword
bw_0065,Judaai (Chadariya Jhini Re Jhini),Rekha Bhardwaj,Sad,4.6,f7dd7aojpUY,keyword
bw_0066,Alvida,KK,Sad,4.5,hM9QDpLHhdw,keyword
bw_0067,Ikk Kudi Jida Naam Mohabbat Gum Hai,Shahid Mallya,Sad,4.5,cyKZXbxx2lc,keyword
bw_0068,Aur Tanha (Tu Hi To Hai),KK,Sad,4.5,9evpCxyk1hg,keyword
bw_0069,Dooriyan Hain Zaroori,Monica Dogra,Sad,4.33,l_KKRDdd2uE,keyword
bw_0070,Aaj Humko Dil-E-Naakaam Pe Rona Aaya,Sonu Nigam,Sad,4.33,Yyu3_vYKWNo,keyword
bw_0071,Dooriyan,Mohit Chauhan,Sad,4.25,kPtn26x8TZM,keyword
bw_0072,Re Kabira Maan Ja,Rekha Bhardwaj,Sad,4.25,jHNNMj5bNQw,keyword
bw_0073,Alvida (Reprise),James,Sad,4.0,dlBX5YKuanI,keyword
bw_0074,Yeh Aakhri Alvida Na Ho,Strings,Sad,4.0,Of8kdYXMEiU,keyword
bw_0075,Kaise Kahein Alvida,Javed Ali,Sad,4.0,dJKpWtY8UUM,keyword
bw_0076,Yaad Saari Baari Baari,Kailash Kher,Sad,4.0,nx6qhcOJdmo,keyword
bw_0077,Channa Mereya (Unplugged),Arijit Singh,Sad,4.0,PYzFp5o4lhE,keyword
bw_0078,Bavra Mann (Female),Shubha Mudgal,Sad,5.0,54_1VzgPC50,fallback
bw_0079,Shaam,Nikhil D'Souza,Sad,5.0,kl8T6tsOZJk,fallback
bw_0080,Sajni,Arijit Singh,Sad,5.0,XJAMVPQWvGY,fallback
bw_0081,Maa,Shankar Mahadevan,Sad,4.8,pOK08cRwE6c,fallback
bw_0082,Tumhi Dekho Naa,Sonu Nigam,Sad,4.75,DULDIS2qlCU,fallback
bw_0083,Iktara,Kavita Seth,Sad,4.75,fSS_R91Nimw,fallback
bw_0084,Zinda Hoon Yaar Kaafi Hai,Amit Trivedi,Sad,4.71,cgHLvt0rxmM,fallback
bw_0085,Naina Neer Baha,Sadhna Sargam,Sad,4.67,mV3C75QC8ds,fallback
bw_0086,Aaoge Jab Tum O Saajna,Ustad Rashid Khan,Sad,4.67,WPwTPhFMm3k,fallback
bw_0087,Rehna Tu,A.R. Rahman,Sad,4.67,ZkcyYqwJq9s,fallback
bw_0088,Bismillah,Kailash Kher,Sad,4.67,w1sqYgnwEqI,fallback
bw_0089,Hardum Humdum (Yeh Lee Hai Meri Aankhon Ne Kasam Ae Yaar),Arijit Singh,Sad,4.67,8SgbcLtZaVY,fallback
bw_0090,Tum Hi Ho,Arijit Singh,Sad,4.62,IJq0yyWug1k,fallback
bw_0091,Shubhaarambh,Shruti Pathak,Sad,4.6,dlz09a-pyPE,fallback
bw_0092,Soona Mann Ka Aangan,Shreya Ghoshal,Sad,4.5,eTnrzEuVz-0,fallback
bw_0093,O Re Piya,Rahat Fateh Ali Khan,Sad,4.5,WgKox1wWiiw,fallback
bw_0094,Tere Naina,Kailash Kher,Sad,4.5,owv3DV53Ri4,fallback
bw_0095,Tu Bole Main Boloon,A.R. Rahman,Sad,4.5,BrpDvQpRDmY,fallback
bw_0096,Tu Jaane Naa,Atif Aslam,Sad,4.5,53l2DkivxJs,fallback
bw_0097,Gal Mitthi Mitthi,Tochi Raina,Sad,4.5,ZHsKQ_R0ZqI,fallback
bw_0098,Noor E Khuda,Adnan Sami,Sad,4.5,JJ5r5Z6G2Zo,fallback
bw_0099,Bhare Naina,Nandini Srikar,Sad,4.5,lHC1xPUgP5Q,fallback
bw_0100,Pani Da Rang (Male),Ayushmann Khurrana,Sad,4.5,_hRnWA0A20E,fallback
bw_0101,O Rangrez,Shreya Ghoshal,Sad,4.5,5idNBcKDtvA,fallback
bw_0102,Teri Galiyan,Ankit Tiwari,Sad,4.5,FxAG_11PzCk,fallback
bw_0103,Mera Pyar Shalimar,Asha Bhosle,Sad,4.0,cM3M9vqxzvY,acoustic
bw_0104,Shaam Se Aankh Mein Nami Si Hai,Asha Bhosle,Sad,4.0,plTkGZ-7lxc,acoustic
bw_0105,Ragas In Minor Scale,Unknown Artist,Sad,4.0,UphX7TfRexs,acoustic
bw_0106,Meetings Along The Edge,Unknown Artist,Sad,4.0,WRCNrQ9dAI0,acoustic
bw_0107,Pyaar Ke Pal,KK,Sad,4.0,NUqlCJTYu6I,acoustic
bw_0108,Pinjre Ke Panchhi Re Tera Dard Na Jane Koy,Kavi Pradeep,Sad,5.0,G4ogBHtZhJY,keyword
bw_0109,Deewaron Se Milkar Rona Achha Lagta Hai,Pankaj Udhas,Sad,5.0,nGuHxXOKATE,keyword
bw_0110,Kabhi Khud Pe Kabhi Haalaat Pe Rona Aaya,Mohammed Rafi,Sad,4.9,9bzkFvxYt7Y,keyword
bw_0111,Tanha Tanha Yahan Pe Jeena,Asha Bhosle,Sad,4.83,W1GNGlaFKYw,keyword
bw_0112,Yaad Kiya Dil Ne Kahan Ho Tum,Lata Mangeshkar,Sad,4.8,-5CCE7QSpMM,keyword
bw_0113,Woh Bhooli Daastan Lo Phir Yaad Aa Gayi,Lata Mangeshkar,Sad,4.8,d6n8kekViOk,keyword
bw_0114,Aapki Yaad Aati Rahi Raat Bhar,Chaya Ganguly,Sad,4.8,Y9iE_CIU9Os,keyword
bw_0115,Aaja Panchhi Akela Hai,Mohammed Rafi,Sad,4.75,jR8kHh0jjis,keyword
bw_0116,Kya Se Kya Ho Gaya Bewafa Tere Pyar Mein,Mohammed Rafi,Sad,4.75,j0yhX_VDu-o,keyword
bw_0117,Woh Haseen Dard De Do,Asha Bhosle,Sad,4.75,ZWCwYIYyMpo,keyword
bw_0118,Chalte Chalte Mere Yeh Geet Yaad Rakhna - I,Kishore Kumar,Sad,4.75,I9_IkQIFEl0,keyword
bw_0119,Naam Gum Jaayega,Lata Mangeshkar,Sad,4.75,Hziy9jXQ8VQ,keyword
bw_0120,Chupke Chupke Raat Din Aansoo Bahaana Yaad Hai,Ghulam Ali,Sad,4.75,csXvdIfAnpc,keyword
bw_0121,Is This Love (Kahin Naa Laage),Mohit Chauhan,Angry,4.0,iVOiyD3R-rU,acoustic
bw_0122,Jagaao Mere Des Ko,A.R. Rahman,Angry,4.0,7FKEy_RWwQk,acoustic
bw_0123,Sultan,Sukhwinder Singh,Angry,4.0,gyCArGO-iB0,keyword
bw_0124,Saiyyan,Kailash Kher,Angry,5.0,TuUVVKVdZm4,fallback
bw_0125,Nadaan Parinde Ghar Aaja,A.R. Rahman,Angry,5.0,ttIKsnxPrMY,fallback
bw_0126,Woh Sukoon Shayad Mujhse Hi Hai,Arijit Singh,Angry,5.0,WauyidJ8k_4,fallback
bw_0127,Main Kya Karoon,Nikhil Paul George,Angry,4.8,5q_Ms8QKta0,fallback
bw_0128,Tum Se Hi,Mohit Chauhan,Angry,4.75,mt9xg0mmt28,fallback
bw_0129,Ab Mujhe Koi Intezar Kahan,Rekha Bhardwaj,Angry,4.75,Y9oVHgKBEso,fallback
bw_0130,Manmarziyan,Shilpa Rao,Angry,4.71,RFNmDyBKqk8,fallback
bw_0131,Yeh Hausla Kaise Jhuke,Shafqat Amanat Ali,Angry,4.67,Hye8yunxwIc,fallback
bw_0132,Gudgudee Kar Gayi,Sunidhi Chauhan,Angry,4.67,zEfNnFYavB8,fallback
bw_0133,Kaminey,Vishal Bhardwaj,Angry,4.67,yj3FvtHDaog,fallback
bw_0134,London Thumakda,Labh Janjua,Angry,4.67,udra3Mfw2oo,fallback
bw_0135,Itni Si Baat Ankahi Yun Bayaan Ho Gayi,Shreya Ghoshal,Angry,4.67,WkXzhILbZBc,fallback
bw_0136,Meethi Boliyan,Amit Trivedi,Angry,4.62,BO9cos32DYc,fallback
bw_0137,Taake Jhaanke,Arijit Singh,Angry,4.6,akGvEQwCqkc,fallback
bw_0138,Woh Lamhe Woh Baatein,Atif Aslam,Angry,4.5,Sut_KOIbwn0,fallback
bw_0139,Labon Ko Labon Pe Sajao,KK,Angry,4.5,XG8XskoJz1I,fallback
bw_0140,Ik Teekhi Teekhi Si Ladki,Shreya Ghoshal,Angry,4.5,Ts0i_zD3HzQ,fallback
bw_0141,Pehli Nazar Mein,Atif Aslam,Angry,4.5,JBCx0QyP8VQ,fallback
bw_0142,Tu Jaane Naa - Unplugged,Kailash Kher,Angry,4.5,uI8ET9RuPaA,fallback
bw_0143,Lehrein,Anusha Mani,Angry,4.5,V3jYHfawdY8,fallback
bw_0144,Allah Hi Reham,Ustad Rashid Khan,Angry,4.5,WgIBgC3a4Vs,fallback
bw_0145,Madari,Vishal Dadlani,Angry,4.5,L-9s4nTLSdA,fallback
bw_0146,Sun Raha Hai (Male),Ankit Tiwari,Angry,4.5,eHRrZ5DQCV4,fallback
bw_0147,Zariya,Ani Choying Drolma,Angry,4.5,wlaZSx6tqRo,fallback
bw_0148,Bismil,Sukhwinder Singh,Angry,4.5,p6ZxI5_A69M,fallback
bw_0149,Jee Karda,Divya Kumar,Angry,4.5,VAJK04HOLd0,fallback
bw_0150,Hamari Adhuri Kahani,Arijit Singh,Angry,4.5,f3FFOBrMmdg,fallback
bw_0151,Chitta Ve (Udta Punjab),Babu Haabi,Angry,4.5,BH_i6bIaI9E,fallback
bw_0152,Naache Zing Zing Zing Zing Zing Zing Zingaat,Ajay - Atul,Angry,4.5,Rd9wF5fAnVw,fallback
bw_0153,Jwalamukhi,Arijit Singh,Angry,4.5,L0NzRDnzUt0,fallback
bw_0154,Tere Rang Ranga (Murli Ki Yeh Dhun Sun Radhike),Haricharan Seshadri,Angry,4.5,f8gdO0JePQ0,fallback
bw_0155,Tum Kya Mile,Arijit Singh,Angry,4.5,O9ZtN9C5HMA,fallback
bw_0156,Khwaja Mere Khwaja,A.R. Rahman,Angry,4.4,sMICi5p7d-E,fallback
bw_0157,Raanjhanaa,Jaswinder Singh,Angry,4.4,vgm1u2gPxzw,fallback
bw_0158,Tu Meri Dost Hai,Benny Dayal,Angry,4.33,NWdasSZcvHY,fallback
bw_0159,Mahek Bhi,Shreya Ghoshal,Angry,4.33,aqaI2UEG-ZI,fallback
bw_0160,Motorwada,Amit Trivedi,Angry,4.33,olDTiq_kv-8,fallback
bw_0161,Aise Naa Dekho,A.R. Rahman,Angry,4.33,bezD7E2MEU8,fallback
bw_0162,Badra Bahaar,Amit Trivedi,Angry,4.33,j2wQgX0Elpk,fallback
bw_0163,Raat Ka Nasha,K.S. Chitra,Angry,4.0,q7Mn3KrTrNg,acoustic
bw_0164,Raat Ka Nasha (Duet),Abhijeet,Angry,4.0,wQcecKaGoEI,acoustic
bw_0165,Duniya Rang Rangeeli Baba,Pankaj Mullick,Angry,5.0,U-Ne5sFSv10,fallback
bw_0166,Sapt Suran Teen Graam Gao Sab Gunijan,K.L. Saigal,Angry,5.0,G04LrEYepSQ,fallback
bw_0167,Khayalon Mein Kisi Ke Is Tarah Aaya Nahin Karte,Geeta Roy,Angry,5.0,NnQfdHjgk94,fallback
bw_0168,Yeh Hai Bombay Meri Jaan (Ae Dil Hai Mushkil Jeena Yahan),Mohammed Rafi,Angry,5.0,OShZhbjDA98,fallback
bw_0169,Jane Kya Tune Kahi Jane Kya Maine Suni,Geeta Dutt,Angry,5.0,mLGCAGHNTJU,fallback
bw_0170,Mora Gora Ang Laile,Lata Mangeshkar,Angry,5.0,77dP8x5rKAc,fallback
bw_0171,Baat Niklegi Toh Phir Door Talak Jayegi,Jagjit Singh,Angry,5.0,1MKdWpE_724,fallback
bw_0172,Chhoti Si Kahaani Se,Asha Bhosle,Angry,5.0,4GWmE0VbNbk,fallback
bw_0173,Lag Jaa Gale Ke Phir,Lata Mangeshkar,Angry,4.92,TFr6G5zveS8,fallback
bw_0174,Piya Tose Naina Laage Re,Lata Mangeshkar,Angry,4.9,SMKOwKskomc,fallback
bw_0175,Yeh Sham Mastani Madhosh Kiye Jaye,Kishore Kumar,Angry,4.89,wp7zOathDFo,fallback
bw_0176,Is Mod Se Jaate Hain,Lata Mangeshkar,Angry,4.86,STOM6NZfcrs,fallback
bw_0177,Chaudhvin Ka Chand Ho,Mohammed Rafi,Angry,4.83,7gnFnRaKNsQ,fallback
bw_0178,Rajnigandha Phool Tumhare,Lata Mangeshkar,Angry,4.83,_j5dRsWevdM,fallback
bw_0179,Chupke Se,Sadhna Sargam,Angry,4.83,_-1G5MUgfs8,fallback
bw_0180,Suhani Raat Dhal Chuki Naa Jaane Tum Kab Aaoge,Mohammed Rafi,Angry,4.8,JyONjtSENTw,fallback
bw_0181,Aaj Ki Raat,Alisha Chinai,Neutral,4.5,OXOj4bUuzSg,acoustic
bw_0182,Out Of Control,Nikhil D'Souza,Neutral,4.0,FmSZLdbTf-Q,acoustic
bw_0183,Out Of Control (Choir Version),Marianne D'Cruz,Neutral,4.0,3Wmz7mF6LrI,acoustic
bw_0184,Kabhi Kabhi Aditi Zindagi,Rashid Ali,Neutral,5.0,HIbzXaBdwZw,keyword
bw_0185,Dil Gira Dafatan,Ash King,Neutral,5.0,5zU4zZpycTo,keyword
bw_0186,Phir Le Aaya Dil (Reprise),Arijit Singh,Neutral,4.88,XT_ANSoov00,keyword
bw_0187,Laal Ishq,Arijit Singh,Neutral,4.75,GEH3Aev0uME,keyword
bw_0188,Ae Dil Hai Mushkil (Tu Safar Mera),Arijit Singh,Neutral,4.67,vUCM_0evdQY,keyword
bw_0189,Khaali Hai Jo Tere Bina Main Woh Ghar Hoon Tera,Nikhita Gandhi,Neutral,4.67,xmz_8VX12U8,keyword
bw_0190,Binte Dil Misriya Mein,Arijit Singh,Neutral,4.67,1HVOB3-6YB0,keyword
bw_0191,Sapna Jahan Dastak Na De,Neeti Mohan,Neutral,4.6,lHJp_3g2MAI,keyword
bw_0192,Ishq Hua,Sonu Nigam,Neutral,4.5,Vl8zpQZ5Jc8,keyword
bw_0193,Tera Hone Laga Hoon,Atif Aslam,Neutral,4.5,useznoRhrWU,keyword
bw_0194,Yahi Meri Zindagi,Aditi Singh Sharma,Neutral,4.5,qpYNf1YLXQY,keyword
bw_0195,Pehli Baar Mohabbat Ki Hai,Mohit Chauhan,Neutral,4.5,zhMoztMJPwE,keyword
bw_0196,Zindagi Jaisi Tammanna Thi,Jagjit Singh,Neutral,4.5,PIBvQ5FXDts,keyword
bw_0197,Badtameez Dil Maane Na,Benny Dayal,Neutral,4.5,II2EO3Nw4m0,keyword
bw_0198,Mohabbat Buri Bimari - 1,Neeti Mohan,Neutral,4.5,U5tjrnXL6D8,keyword
bw_0199,Banno Tera Swagger Laage Sexy,Brijesh Shandilya,Neutral,4.5,Oju9kp8tLpY,keyword
bw_0200,Ishq Mein Hota Hai (Tun Tuna),Nooran Sisters,Neutral,4.5,bIV_vqtu4to,keyword
bw_0201,Safar Ka Hi Tha Main Safar Ka Raha,Arijit Singh,Neutral,4.5,xORB1S9YvP8,keyword
bw_0202,Dil Diyan Gallan,Atif Aslam,Neutral,4.5,JtnPpxe8K7c,keyword
bw_0203,Kalank Nahin Ishq Hai Kaajal Piya (Title Track),Arijit Singh,Neutral,4.5,wKuP5Hz30ws,keyword
bw_0204,Jo Mila Hai Tu Zindagi Khushmizaaj Hai,Arijit Singh,Neutral,4.5,aiPBhlRX5lc,keyword
bw_0205,Dil Bechara Friend Zone Ka Maara,A.R. Rahman,Neutral,4.5,PMCu0JtizCk,keyword
bw_0206,Tumhein Mohabbat Hai (Teri Aankhon Mein Jhaankne Wala),Arijit Singh,Neutral,4.5,NegGZIlgfNA,keyword
bw_0207,Par Yeh Dil Ka Mamla Hai Kya Karein,Ananya Birla,Neutral,4.5,ZNo82CX48cI,keyword
bw_0208,Love You Zindagi,Jasleen Kaur Royal,Neutral,4.4,bw7bVpI5VcM,keyword
bw_0209,O Aashiqa Tune Kya Dil Diya,Shashwat Singh,Neutral,4.4,m8NCfkX3Zb0,keyword
bw_0210,Phir Le Aaya Dil (Redux),Shafqat Amanat Ali,Neutral,4.33,pOnW2HytGEY,keyword
bw_0211,Gustakh Dil,Shilpa Rao,Neutral,4.33,67Oild5HJhc,keyword
bw_0212,Teri Chahat Ne Badla Mere Dil Ka Jugraafiya,Udit Narayan,Neutral,4.33,gRRMSF0nB0c,keyword
bw_0213,Maine Dil Se Kaha,KK,Neutral,4.25,pSpnF-li-OE,keyword
bw_0214,Dil To Bachcha Hai Ji,Rahat Fateh Ali Khan,Neutral,4.25,_TJZaE0FkKs,keyword
bw_0215,Phir Mohabbat Karne Chala Hai Tu,Mohd. Irfan,Neutral,4.25,TK7nSgwGSAQ,keyword
bw_0216,Har Kisi Ko Nahin Milta Yahan Pyar Zindagi Mein,Nikhil D'Souza,Neutral,4.25,xXTXuokXGDU,keyword
bw_0217,Yaadon Mein Jalte Rehna Tera Mera,Jonita Gandhi,Neutral,4.25,3D6p8QL3sJA,keyword
bw_0218,Kesariya Tera Ishq Hai Piya,Arijit Singh,Neutral,4.2,BddP6PYo2gs,keyword
bw_0219,Dil Ye Dua De,Udit Narayan,Neutral,4.0,dGwAPrlF180,keyword
bw_0220,Tera Surroor,Himesh Reshammiya,Neutral,4.0,CoRuihNeiOc,keyword
bw_0221,Javeda Zindagi (Tose Naina Laage),Shilpa Rao,Neutral,4.0,fXeIK4xbXgs,keyword
bw_0222,Mera Pehla Pehla Pyaar,KK,Neutral,4.0,i_pd19916CY,keyword
bw_0223,Piya Tu Ab To Aaja (Monica O My Darling),Asha Bhosle,Neutral,4.5,QiToFjVXHj4,acoustic
bw_0224,Don't Leave Me,Unknown Artist,Neutral,4.5,XBgfIRAisxw,acoustic
bw_0225,Pal Do Pal Ka Saath Humara,Mohammed Rafi,Neutral,4.33,bYmfFtHbLPs,acoustic
bw_0226,Yaara Seeli Seeli,Lata Mangeshkar,Neutral,4.33,I5PlRhFRkFU,acoustic
bw_0227,Hare Rama Hare Krishna (I Love You),Asha Bhosle,Neutral,4.25,YxDE7ptqruo,acoustic
bw_0228,Kanchi Re Kanchi Re,Lata Mangeshkar,Neutral,4.0,1GmwIgZfSsI,acoustic
bw_0229,Aaj Madhosh Hua Jaye Re,Lata Mangeshkar,Neutral,4.0,yiRW9f4r3K4,acoustic
bw_0230,My Heart Is Beating,Preeti Sagar,Neutral,4.0,wJ0dR6RjIfY,acoustic
bw_0231,Jawan Hai Mohabbat Hasin Hai Zamana,Noor Jehan,Neutral,5.0,-GaFWz_jH5g,keyword
bw_0232,Jab Dil Hi Toot Gaya,K.L. Saigal,Neutral,5.0,Ap39WcjG7p0,keyword
bw_0233,Mohabbat Kar Lo Jee Bhar Lo,Geeta Dutt,Neutral,5.0,e1OJPQoUjpE,keyword
bw_0234,Ae Ji Dil Par Hua Aisa Jadoo,Mohammed Rafi,Neutral,5.0,EGDCtWNyIZQ,keyword
bw_0235,Udhar Tum Hasin Ho Idhar Dil Jawan Hai,Geeta Dutt,Neutral,5.0,oWi_LZ97cTE,keyword
bw_0236,Hai Apna Dil Toh Aawara (Happy),Hemant Kumar,Neutral,5.0,07dfqQ0cvl8,keyword
bw_0237,Jaoon Kahan Bataa Ae Dil,Mukesh,Neutral,5.0,R15OyGa6Q50,keyword
bw_0238,Aa Dil Se Dil Mila Le,Asha Bhosle,Neutral,5.0,FVWFCUY3i_g,keyword
bw_0239,Rula Ke Gaya Sapna Mera,Lata Mangeshkar,Neutral,5.0,dCbG9xLTFDs,keyword
bw_0240,Awara Ae Mere Dil (Fast),Lata Mangeshkar,Neutral,5.0,-402m4K7Apc,keyword
bw_0241,Aankhon Mein Teri Ajab Si Ajab Si Adayen Hain,KK,Surprise,4.8,2drIKUOCZxU,keyword
bw_0242,Teri Ore,Rahat Fateh Ali Khan,Surprise,5.0,GLEx6bhPu7s,fallback
bw_0243,Haay Kasam Se Kasam Se Tumhare Bina,Arijit Singh,Surprise,5.0,Yps2aa-I8jY,fallback
bw_0244,Sanwaar Loon,Monali Thakur,Surprise,4.9,-90dVsutSUg,fallback
bw_0245,Kyun,Papon,Surprise,4.86,Rq7tyOcVgLQ,fallback
bw_0246,Arziyan,Javed Ali,Surprise,4.83,JA09HEGTzCU,fallback
bw_0247,Mohe Rang Do Laal,Birju Maharaj,Surprise,4.8,UoNnDIu9xQ4,fallback
bw_0248,Bavra Mann (Male),Swanand Kirkire,Surprise,4.75,yRvEVVO4LFs,fallback
bw_0249,O Meri Jaan,KK,Surprise,4.75,rXVot29Ez6Y,fallback
bw_0250,Phir Se Ud Chala,Mohit Chauhan,Surprise,4.75,2mWaqsC3U7k,fallback
bw_0251,Roobaroo,A.R. Rahman,Surprise,4.67,8kMv5ssr6Dw,fallback
bw_0252,Aahista Aahista,Lucky Ali,Surprise,4.67,-m9IGI5EgyM,fallback
bw_0253,Aashiyan (Solo),Nikhil Paul George,Surprise,4.67,FlY2YplRQMM,fallback
bw_0254,Yeh Moh Moh Ke Dhaage (Male),Papon,Surprise,4.67,T-8vVY-IECk,fallback
bw_0255,Aave Re Hichki,Mame Khan,Surprise,4.6,BPA_O7auSFc,fallback
bw_0256,Jiya Dhadak Dhadak Jaye,Rahat Fateh Ali Khan,Surprise,4.5,iasxMdSu7Jo,fallback
bw_0257,Bheegi Bheegi Si Hain Raaten,James,Surprise,4.5,WeY9hdsmIaQ,fallback
bw_0258,Kitni Der Tak,Sonu Nigam,Surprise,4.5,J9guWrkTaik,fallback
bw_0259,O Meri Jaan (Reprise),Suhail Kaul,Surprise,4.5,jZi8TI050ec,fallback
bw_0260,Sindbad The Sailor,Farhan Akhtar,Surprise,4.5,eY62RfeviuE,fallback
bw_0261,Aankh Micholi,Amit Trivedi,Surprise,4.5,8CJtBJStgYo,fallback
bw_0262,Chaand Ki Katori,Harshdeep Kaur,Surprise,4.5,PgiP7yQm3B8,fallback
bw_0263,Gubbare,Amit Trivedi,Surprise,4.5,XanTuIWUEQ0,fallback
bw_0264,Luni Hasi (Female Version),Harshdeep Kaur,Surprise,4.5,87XsJ4d-Fgo,fallback
bw_0265,Barsan Laage Nain,Vasuda Sharma,Surprise,4.5,6NqIijYAUKk,fallback
bw_0266,Dhadkan Dhadkan Dhadak Raha Hai,Jagjit Singh,Surprise,4.5,AOfw5Ej0Ac0,fallback
bw_0267,Patakha Guddi (Female Version),Nooran Sisters,Surprise,4.5,cprez2G15LI,fallback
bw_0268,Aayat Ki Tarah,Arijit Singh,Surprise,4.5,85LA5CKMW_I,fallback
bw_0269,Sooraj Dooba Hai Yaaro,Arijit Singh,Surprise,4.5,nJZcbidTutE,fallback
bw_0270,Ullu Ka Pattha,Arijit Singh,Surprise,4.5,h2GhQBI5YGw,fallback
bw_0271,Ghoomar Ghoomar Ghoomar Ghoomar Ghoome Re,Shreya Ghoshal,Surprise,4.5,6cKErCWrb44,fallback
bw_0272,Shayad Kabhi Na Kah Sakoon Main (Jo Tum Na Ho),Arijit Singh,Surprise,4.5,MJyKN-8UncM,fallback
bw_0273,Varaha Roopam Daiva Va Rishtam,Sai Vignesh,Surprise,4.5,gH_RYRwVrVM,fallback
bw_0274,Qubool,Armaan Khan,Surprise,4.5,XZjTVt0ilxw,fallback
bw_0275,Yaariyaan,K. Mohan,Surprise,4.4,RIGTU4yWLd0,fallback
bw_0276,Matargashti,Mohit Chauhan,Surprise,4.4,6vKucgAeF_Q,fallback
bw_0277,Jabaan Pe Laaga Laaga Re Namak Isk Ka,Rekha Bhardwaj,Surprise,4.33,5WB8ujhAK7c,fallback
bw_0278,Tu Na Jaane Aas Paas Hai Khuda (Unplugged),Rahat Fateh Ali Khan,Surprise,4.33,Kz0GIYoq0SE,fallback
bw_0279,Mauje Naina,Bianca Gomes,Surprise,4.33,vX__XVV7Z_Y,fallback
bw_0280,Sun Raha Hai (Female),Shreya Ghoshal,Surprise,4.33,inEu2qQuGZ8,fallback
bw_0281,Gulon Mein Rang Bhare,Arijit Singh,Surprise,4.33,KNQ7ElKRtAs,fallback
bw_0282,Hey Aam Hindustani Teri Kismat Kharab Hai,Shefali Alvares,Surprise,4.33,WH80GPVBLLs,fallback
bw_0283,Ajeeb Daastan Hai Yeh,Lata Mangeshkar,Surprise,4.86,m0olBMYEaT4,keyword
bw_0284,Woh Sham Kuch Ajeeb Thi,Kishore Kumar,Surprise,4.8,cwbnUFul5tE,keyword
bw_0285,Yeh Kaisi Ajab Daastan Ho Gayi Hai,Suraiya,Surprise,4.56,j85uH5ffEWM,keyword
bw_0286,Ajeeb Saaneha Mujh Par Guzar Gaya,Hariharan,Surprise,4.25,f5x0YKnAeu0,keyword
bw_0287,Main Na Kahoongi Mera Saiyan Ri Anokha,Sardar Akhtar,Surprise,4.0,2ck1Vo9b25E,keyword
bw_0288,Ajab Khel Kismat Ka,Mohammed Rafi,Surprise,4.0,ksSlVM8pU6U,keyword
bw_0289,Piya Milan Ko Jaana,Pankaj Mullick,Surprise,5.0,xchnkKyn9Rg,fallback
bw_0290,Awaaz De Kahan Hai,Noor Jehan,Surprise,5.0,ZuVqjXWiHWc,fallback
bw_0291,Babuji Dheere Chalna Pyar Mein Zara Sambhalna,Geeta Dutt,Surprise,5.0,Z8K0pV27rCA,fallback
bw_0292,Aankhon Mein Kya Ji,Kishore Kumar,Surprise,5.0,B3DZPwsSOr0,fallback
bw_0293,Jalte Hain Jiske Liye,Talat Mahmood,Surprise,5.0,jsaKIKHmz3M,fallback
bw_0294,Rahen Na Rahen Hum (Female),Lata Mangeshkar,Surprise,5.0,pBosIPDWyr4,fallback
bw_0295,Seene Mein Jalan Ankhon Mein Toofan Sa Kyun Hai,Suresh Wadkar,Surprise,5.0,R6CMl_EOQhw,fallback
bw_0296,Chaand Taare Tod Laoon (Jo Bhi Chahoon Woh Main Paoon),Abhijeet,Surprise,5.0,N3QzaUwml5w,fallback
bw_0297,Jo Wada Kiya Woh Nibhana Padega - I,Lata Mangeshkar,Surprise,4.93,u-ioONenaAQ,fallback
bw_0298,Kisi Ki Muskurahaton Pe Ho Nisar (Jeena Isi Ka Naam Hai),Mukesh,Surprise,4.91,69pPYkGiEAQ,fallback
bw_0299,Din Dhal Jaye Haye Raat Na Jaye,Mohammed Rafi,Surprise,4.88,6gcGxoGiOTE,fallback
bw_0300,Mere Saamnewali Khidki Mein (Happy),Kishore Kumar,Surprise,4.83,S0WPSYFm7iE,fallback
bw_0301,Darr Da Da Dasse,Kanika Kapoor,Fear,4.5,5IdGjLg6m5Q,keyword
bw_0302,Mainu Chadeya Dance Ka Bhoot Chadeya,Arijit Singh,Fear,4.0,o7W9dlz86_Q,keyword
bw_0303,Nayan Tarse,Amit Trivedi,Fear,5.0,LuW1IdlPEvg,fallback
bw_0304,Rooh Jaga Doon,Arijit Singh,Fear,5.0,PLR-uVW1vbs,fallback
bw_0305,Abhi Mujh Mein Kahin,Sonu Nigam,Fear,4.83,7Vj6c9vDrgE,fallback
bw_0306,Tujhe Dekh Dekh,Rahat Fateh Ali Khan,Fear,4.75,rNOk3Rd3aDA,fallback
bw_0307,Baatein Kuch Ankahee Si (Unplugged),Suhail Kaul,Fear,4.75,KGQxaBSdw9Y,fallback
bw_0308,Yeh Fitoor Mera (Parwardigara),Arijit Singh,Fear,4.75,ccw-bhwtLTw,fallback
bw_0309,Ankahee,Amitabh Bhattacharya,Fear,4.71,DR0S-ocAmvo,fallback
bw_0310,Aadat - I,Atif Aslam,Fear,4.67,e5LShHAE03A,fallback
bw_0311,Maula Mere Le Le Meri Jaan,Krishna Beura,Fear,4.67,BGlZHqGDPF8,fallback
bw_0312,Kaise Mujhe Tu Mil Gayi,Benny Dayal,Fear,4.67,ndtno2tBGbo,fallback
bw_0313,Main Pareshan,Shalmali Kholgade,Fear,4.67,B6E01IatDm0,fallback
bw_0314,Le Jaye Jaane Kahan Hawayein Hawayein,Arijit Singh,Fear,4.67,cs1e0fRyI18,fallback
bw_0315,Bol Na Halke Halke,Rahat Fateh Ali Khan,Fear,4.6,fvrxBiBScIk,fallback
bw_0316,Guncha,Mohit Chauhan,Fear,4.5,DBn97hlqIOY,fallback
bw_0317,Teri Deewani,Kailash Kher,Fear,4.5,SbN6P-UQjcs,fallback
bw_0318,Chanda Re (The Moon Song),Hamsika Iyer,Fear,4.5,WfVpzRnsDZw,fallback
bw_0319,Ek Lau,Shilpa Rao,Fear,4.5,NDFaqnuKcXY,fallback
bw_0320,Ek Meetha Marz Dene Aana Tum Yun Hi,Mohit Chauhan,Fear,4.5,cj2kVORApuU,fallback
bw_0321,Tum Mile,Neeraj Shridhar,Fear,4.5,odVptmgIcD0,fallback
bw_0322,Badi Dheere Jali Raina,Rekha Bhardwaj,Fear,4.5,7azfPhiSpPk,fallback
bw_0323,Aahatein,Karthik,Fear,4.5,uPjafLALZk0,fallback
bw_0324,Be Intehaan,Atif Aslam,Fear,4.5,nD7F40pQpyc,fallback
bw_0325,Laagi Lagan,Vasuda Sharma,Fear,4.5,8thpevBS33k,fallback
bw_0326,Khuda Ke Vaaste Apna Hisaab,Jagjit Singh,Fear,4.5,Fjleqj8Spno,fallback
bw_0327,Patakha Guddi (Male Version),A.R. Rahman,Fear,4.5,8HDTS80dlr4,fallback
bw_0328,Albela Sajan Aayo Ri,Kanika Joshi,Fear,4.5,s36IMcNP8vo,fallback
bw_0329,Mainu Kaala Chashma Jachda Ey,Amar Arshi,Fear,4.5,4WRJHbL4dAk,fallback
bw_0330,Galti Se Mistake,Arijit Singh,Fear,4.5,05TA9jNnCdU,fallback
bw_0331,Ae Watan Watan Mere Aabad Rahe Tu (Male),Arijit Singh,Fear,4.5,YHmYop9Bc_Q,fallback
bw_0332,Haan Main Galat,Arijit Singh,Fear,4.5,hicN8rVmNXo,fallback
bw_0333,Ghodey Pe Sawaar (Jaane Balma Ghode Pe Kyun Sawaar Hai),Sireesha Bhagavatula,Fear,4.5,q05AbgNey6w,fallback
bw_0334,Chaudhary,Mame Khan,Fear,4.4,1gukvtH_a3I,fallback
bw_0335,Raanjhan De Yaar Bulleya,Amit Mishra,Fear,4.4,hXh35CtnSyU,fallback
bw_0336,Naina Thag Lenge,Rahat Fateh Ali Khan,Fear,4.33,Mp2CEfs-5G4,fallback
bw_0337,Sadda Haq Aithe Rakh,Mohit Chauhan,Fear,4.33,p9DQINKZxWE,fallback
bw_0338,Abhi Abhi (Duet),KK,Fear,4.33,ZNSEQXAfzXI,fallback
bw_0339,Lungi Dance,Yo Yo Honey Singh,Fear,4.33,2kWLyInyjOE,fallback
bw_0340,Zehnaseeb,Chinmayi Sripaada,Fear,4.33,KLYwt0YmQw8,fallback
bw_0341,Bas Darwaze Pe Ek Darbaan Hai,Papon,Fear,4.33,-uCPiHCr8kE,fallback
bw_0342,Taareefon Se Nahin Tu Maanane Wali,Arijit Singh,Fear,4.33,ig1qW8pqK9E,fallback
bw_0343,Tu Jahan Jahan Chalega Mera Saaya Saath Hoga (Happy),Lata Mangeshkar,Fear,4.8,IB1gg-F0eZY,keyword
bw_0344,Yeh Hai Reshmi Zulfon Ka Andhera Na Ghabraiye,Asha Bhosle,Fear,4.75,lgWnO5IlWxY,keyword
bw_0345,Jab Andhera Hota Hai,Asha Bhosle,Fear,4.6,BK3huMqyRlU,keyword
bw_0346,Raat Bhar Ka Hai Mehman Andhera,Asha Bhosle,Fear,4.5,NufQfRt0uCQ,keyword
bw_0347,Raaz Seene Mein Mohabbat Ka,Lata Mangeshkar,Fear,4.25,3-0tcBhUBU0,keyword
bw_0348,Reshmi Ujala Hai Makhmali Andhera,Asha Bhosle,Fear,4.25,rwDJC3_ma4U,keyword
bw_0349,Tu Jahan Jahan Chalega Mera Saaya Saath Hoga (Sad),Lata Mangeshkar,Fear,4.0,m0wa3QN-jws,keyword
bw_0350,Ek Andhera Lakh Sitare,Mohammed Aziz,Fear,4.0,JlrTmlnAaU0,keyword
bw_0351,Main Kya Janoon Kya Jadoo Hai,K.L. Saigal,Fear,5.0,xgiKuSLwVjA,fallback
bw_0352,Hawa Mein Udta Jaye Mora Lal Dupatta Malmal Ka,Lata Mangeshkar,Fear,5.0,KfgjnZYqt88,fallback
bw_0353,Sun Sun Sun Sun Zalima,Geeta Dutt,Fear,5.0,p0VYpxh85w4,fallback
bw_0354,Maana Janaab Ne Pukara Nahin,Kishore Kumar,Fear,5.0,kT3WKSb1q_Q,fallback
bw_0355,Khoya Khoya Chaand Khula Aasman,Mohammed Rafi,Fear,5.0,EsENO8IjmoY,fallback
bw_0356,Duniya Kare Sawal To Hum Kya Jawab Den,Lata Mangeshkar,Fear,5.0,YHqdKJMoEoE,fallback
bw_0357,Aaj Bichde Hain Kal Ka Dar Bhi Nahin,Bhupinder Singh,Fear,5.0,pDzGdIWKf1M,fallback
bw_0358,Bhaage Re Mann,Sunidhi Chauhan,Fear,5.0,dCosqNGw2ck,fallback
bw_0359,Aaj Phir Jeene Ki Tamanna Hai,Lata Mangeshkar,Fear,4.93,sACLGUkLo3Q,fallback
bw_0360,Raina Beeti Jaye,Lata Mangeshkar,Fear,4.91,onlZVNKqhYQ,fallback
